,Accuracy,Macro-F1
IE,0.8242074927953891,0.6738603215573598
NS,0.8720461095100864,0.5823357189329863
TF,0.8489913544668588,0.8479873887418972
JP,0.7965417867435158,0.7750749285052971
