,Accuracy,Macro-F1
IE,0.7638248847926268,0.6989247311827956
NS,0.8605990783410138,0.7124844303918751
TF,0.7488479262672811,0.7486864823226287
JP,0.7304147465437788,0.704289083656058
